{"meta_links": {"base_link": {}}, "link_tags": {"base_link": []}, "object_parts": [], "base_link_offset": [1.220046168270737e-05, 1.400031177212105e-05, 0.0014836972474640557], "bbox_size": [0.07078322740381537, 0.07572483012815212, 0.20937730408], "orientations": [], "link_bounding_boxes": {"base_link": {"collision": {"axis_aligned": {"extent": [0.07078937794110374, 0.07572895506496025, 0.2094573529], "transform": [[1.0, 0.0, 0.0, 1.255501779695578e-05], [0.0, 1.0, 0.0, 1.332802254694343e-05], [0.0, 0.0, 1.0, 0.0015255384774640543], [0.0, 0.0, 0.0, 1.0]]}, "oriented": {"extent": [0.06999962511880306, 0.07499978143845318, 0.2094575598965208], "transform": [[-0.9999386402976385, -0.011077706925683023, 6.9984638141502825e-06, 1.0783112797351886e-05], [-0.011077706894960258, 0.9999386403127293, 4.4135471105445195e-06, 1.5153677424206784e-05], [-7.046926371992578e-06, 4.335749365759316e-06, -0.9999999999657712, 0.001525419299254006], [0.0, 0.0, 0.0, 1.0]]}}, "visual": {"axis_aligned": {"extent": [0.07078322740381537, 0.07572483012815212, 0.20937730408], "transform": [[1.0, 0.0, 0.0, 1.2200461682709829e-05], [0.0, 1.0, 0.0, 1.4000311772122132e-05], [0.0, 0.0, 1.0, 0.0014836972474640622], [0.0, 0.0, 0.0, 1.0]]}, "oriented": {"extent": [0.06999963142364193, 0.07500105285964703, 0.2093773048498282], "transform": [[-0.9999384267863927, 0.011096965168638239, 2.3833301174551044e-10, 1.218259688038325e-05], [-0.011096965168638243, -0.9999384267863926, -2.1475997664833046e-08, 1.5612285673056637e-05], [-6.123233999262018e-17, -2.1477320091771276e-08, 0.9999999999999998, 0.0014836968699559604], [0.0, 0.0, 0.0, 1.0]]}}}}}