{"meta_links": {"base_link": {}}, "link_tags": {"base_link": []}, "object_parts": [], "base_link_offset": [-2.523394469051708e-19, -4.099288306768906e-20, -1.8512632372235283e-25], "bbox_size": [0.09578233390281987, 0.08785999039840009, 1.981768282810492e-08], "orientations": [], "link_bounding_boxes": {"base_link": {"collision": {"axis_aligned": {"extent": [0.09630903754388509, 0.08851656767932625, 0.0010536029452655749], "transform": [[1.0, 0.0, 0.0, 4.440892098500626e-16], [0.0, 1.0, 0.0, 1.1102230246251565e-16], [0.0, 0.0, 1.0, 0.0], [0.0, 0.0, 0.0, 1.0]]}, "oriented": {"extent": [0.001053519322910907, 0.08850828315565418, 0.0963091256787163], "transform": [[-1.5095597727625142e-07, -9.300398108352573e-05, -0.9999999956751185, 4.4407888241331135e-16], [-8.130865120597879e-07, -0.9999999956747992, 9.300398120624664e-05, -1.1106360404684872e-16], [-0.999999999999658, 8.131005480501585e-07, 1.5088035634074958e-07, 2.3267956748802566e-23], [0.0, 0.0, 0.0, 1.0]]}}, "visual": {"axis_aligned": {"extent": [0.09578233390281987, 0.08785999039840009, 1.981768282810492e-08], "transform": [[1.0, 0.0, 0.0, 0.0], [0.0, 1.0, 0.0, 0.0], [0.0, 0.0, 1.0, 0.0], [0.0, 0.0, 0.0, 1.0]]}, "oriented": {"extent": [3.409710327162299e-11, 0.08785998535011956, 0.09578233853354907], "transform": [[-1.5073595576687706e-07, -5.270576775229488e-08, -0.9999999999999871, -0.0], [6.084389554527736e-08, -0.9999999999999968, 5.270575854616117e-08, -0.0], [-0.9999999999999867, -6.084388760062369e-08, 1.507359589737008e-07, -0.0], [0.0, 0.0, 0.0, 1.0]]}}}}}