{"meta_links": {"base_link": {}}, "link_tags": {"base_link": []}, "object_parts": [{"category": "half_apple", "model": "sguztn", "type": "subpart", "bb_pos": [0.023552627687558454, -4.8456643322550286e-05, 0.005265295000569284], "bb_orn": [0.0, 0.0, 0.0, 1.0], "bb_size": [0.04460081482000001, 0.09000000381, 0.10131064224]}, {"category": "half_apple", "model": "sguztn", "type": "subpart", "bb_pos": [-0.023092725661071227, 0.00020576325868769396, 0.005265295000569284], "bb_orn": [0.0, 0.0, 0.9999999999999811, 1.9470718370939353e-07], "bb_size": [0.04460081094221223, 0.09000000382000654, 0.10131064223999997]}], "base_link_offset": [-4.537457441554035e-06, -1.3546683225530837e-06, 0.002226051300569284], "bbox_size": [0.08999999619, 0.08999999238, 0.10609152222], "orientations": [], "link_bounding_boxes": {"base_link": {"collision": {"axis_aligned": {"extent": [0.08954822413, 0.08899828815, 0.10694319176], "transform": [[1.0, 0.0, 0.0, -8.41992474415465e-05], [0.0, 1.0, 0.0, -4.7202253322560506e-05], [0.0, 0.0, 1.0, 0.0026518860705692857], [0.0, 0.0, 0.0, 1.0]]}, "oriented": {"extent": [0.08862337140052126, 0.09284246323639433, 0.09472296686971908], "transform": [[0.20743794212289043, 0.8420970968661602, -0.4978373023563069, 0.0015594520307403749], [-0.9740401122467016, 0.13064664368193837, -0.184871074614385, 0.001126917127224882], [-0.0906386225747791, 0.5232627771437877, 0.8473374216647801, 4.7821910288361e-05], [0.0, 0.0, 0.0, 1.0]]}}, "visual": {"axis_aligned": {"extent": [0.08999999619, 0.08999999238, 0.10609152222], "transform": [[1.0, 0.0, 0.0, -4.537457441555759e-06], [0.0, 1.0, 0.0, -1.3546683225520995e-06], [0.0, 0.0, 1.0, 0.0022260513005692845], [0.0, 0.0, 0.0, 1.0]]}, "oriented": {"extent": [0.09027725842696317, 0.09188633248569397, 0.0953220476166033], "transform": [[-0.9888347347110734, -0.07538282488481476, 0.1285429777983463, 0.000711132166580131], [-0.00017357840094907236, 0.863192079949371, 0.5048756312035843, 0.0018905243341031642], [-0.14901623166427047, 0.4992162485587427, -0.8535673962116385, 0.00016485284922363605], [0.0, 0.0, 0.0, 1.0]]}}}}}