{"meta_links": {"base_link": {}}, "link_tags": {"base_link": []}, "object_parts": [], "base_link_offset": [9.07689363103242e-05, -0.10250051432969176, 2.2724066960431776e-08], "bbox_size": [0.5999992269807564, 3.4999972626360805, 0.050000183110000096], "orientations": [], "link_bounding_boxes": {"base_link": {"collision": {"axis_aligned": {"extent": [0.6349029362289169, 3.522409719268415, 0.08850131541000006], "transform": [[1.0, 0.0, 0.0, -0.00023368626782005464], [0.0, 1.0, 0.0, -0.10705083742648736], [0.0, 0.0, 1.0, -2.738659329315496e-07], [0.0, 0.0, 0.0, 1.0]]}, "oriented": {"extent": [0.08850089264510028, 0.6349027858077027, 3.5224095489087333], "transform": [[4.3414193487197523e-07, 0.9999999999998576, -3.1057324250288395e-07, -0.00023332911068158114], [-1.0124574950836578e-07, -3.1057319856115294e-07, -0.9999999999999467, -0.10705084275476626], [-0.9999999999999005, 4.3414196631617276e-07, 1.0124561467550202e-07, -2.828514218629627e-07], [0.0, 0.0, 0.0, 1.0]]}}, "visual": {"axis_aligned": {"extent": [0.5999992269807564, 3.4999972626360805, 0.050000183110000096], "transform": [[1.0, 0.0, 0.0, 9.07689363103259e-05], [0.0, 1.0, 0.0, -0.10250051432969176], [0.0, 0.0, 1.0, 2.2724066961465894e-08], [0.0, 0.0, 0.0, 1.0]]}, "oriented": {"extent": [0.050000183110000096, 0.5999990234402495, 3.4999972294628456], "transform": [[0.0, 0.9999999999999984, -5.8157416943541886e-08, 9.076893117461922e-05], [-0.0, -5.8157416943541886e-08, -0.9999999999999982, -0.10250051346911543], [-1.0, -0.0, -0.0, 2.2724066961465894e-08], [0.0, 0.0, 0.0, 1.0]]}}}}}