{"meta_links": {"base_link": {}}, "link_tags": {"base_link": []}, "object_parts": [], "base_link_offset": [0.0, 9.743463010270072e-19, 1.9486926020540144e-18], "bbox_size": [0.08415551758000017, 0.12338867187999725, 0.21804309082000006], "orientations": [], "link_bounding_boxes": {"base_link": {"collision": {"axis_aligned": {"extent": [0.08415551758000017, 0.12338867187999725, 0.21804309082000006], "transform": [[1.0, 0.0, 0.0, 5.724309914967307e-13], [0.0, 1.0, 0.0, -1.7763568394002505e-15], [0.0, 0.0, 1.0, -2.5000557180021588e-12], [0.0, 0.0, 0.0, 1.0]]}, "oriented": {"extent": [0.08415551758000017, 0.12338867187999725, 0.21804309082000006], "transform": [[-1.0, 1.8369701987210297e-16, -0.0, 5.724309914967307e-13], [1.8369701987210297e-16, 1.0, 0.0, -1.7763568394003558e-15], [-0.0, -0.0, -1.0, -2.5000557180021588e-12], [0.0, 0.0, 0.0, 1.0]]}}, "visual": {"axis_aligned": {"extent": [0.08415551758000017, 0.12338867187999725, 0.21804309082000006], "transform": [[1.0, 0.0, 0.0, 5.724309914967307e-13], [0.0, 1.0, 0.0, -1.7763568394002505e-15], [0.0, 0.0, 1.0, -2.5000557180021588e-12], [0.0, 0.0, 0.0, 1.0]]}, "oriented": {"extent": [0.08415551758000019, 0.12338867187999725, 0.21804309082000006], "transform": [[-1.0, 7.498798913309288e-33, 6.123233995736766e-17, 5.724309914967309e-13], [0.0, 1.0, -1.2246467991473532e-16, -1.7763568394005565e-15], [-6.123233995736766e-17, -1.2246467991473532e-16, -1.0, -2.5000557180021588e-12], [0.0, 0.0, 0.0, 1.0]]}}}}}