{"meta_links": {"base_link": {}}, "link_tags": {"base_link": []}, "object_parts": [], "base_link_offset": [-0.0001443739850645062, 0.0006707122587661387, 0.0012515902128669384], "bbox_size": [0.06349983715119412, 0.09091057620712428, 0.02525630951], "orientations": [], "link_bounding_boxes": {"base_link": {"collision": {"axis_aligned": {"extent": [0.06344310139766707, 0.09120897981823073, 0.02522272792], "transform": [[1.0, 0.0, 0.0, -0.00026940677121500833], [0.0, 1.0, 0.0, 0.0009159915126047968], [0.0, 0.0, 1.0, 0.0012338291478669388], [0.0, 0.0, 0.0, 1.0]]}, "oriented": {"extent": [0.02553982961030012, 0.03233022128224659, 0.10103954910180102], "transform": [[0.33333301915265556, 0.8211668434573717, 0.4632214519523377, 0.00021919787628785437], [0.17927080416684238, 0.4271526585988908, -0.8862294200856081, 0.00034631670800288857], [-0.9256084901922351, 0.37845161045787074, -0.004827155051898783, 0.0012375742168077909], [0.0, 0.0, 0.0, 1.0]]}}, "visual": {"axis_aligned": {"extent": [0.06349983715119412, 0.09091057620712428, 0.02525630951], "transform": [[1.0, 0.0, 0.0, -0.00014437398506450538], [0.0, 1.0, 0.0, 0.0006707122587661374], [0.0, 0.0, 1.0, 0.001251590212866938], [0.0, 0.0, 0.0, 1.0]]}, "oriented": {"extent": [0.02495138498757158, 0.031940241333138344, 0.10121345912978646], "transform": [[-0.26466458170707785, 0.8325459353614956, -0.4866414744993172, -0.00015360374982530998], [-0.12705745802650464, 0.4701319004597641, 0.873402769934887, 0.0009932002452419223], [0.9559336072916675, 0.29299020748677346, -0.018646092545006793, 0.0007277531010266826], [0.0, 0.0, 0.0, 1.0]]}}}}}