{"meta_links": {"base_link": {}}, "link_tags": {"base_link": []}, "object_parts": [], "base_link_offset": [0.01809381522633835, -0.011242576249293373, -0.027356079535992395], "bbox_size": [0.47381860828858535, 0.4455383325323332, 0.5172861328099998], "orientations": [], "link_bounding_boxes": {"base_link": {"collision": {"axis_aligned": {"extent": [0.4787322593747838, 0.45300932602706734, 0.5209289928999999], "transform": [[1.0, 0.0, 0.0, 0.01781905399125172], [0.0, 1.0, 0.0, -0.010563704308831134], [0.0, 0.0, 1.0, -0.02735607953099234], [0.0, 0.0, 0.0, 1.0]]}, "oriented": {"extent": [0.40208554537445507, 0.422755632564521, 0.43466069900196097], "transform": [[0.6456989725574116, 0.7557269635145074, -0.10931419603805184, -0.015383499327964777], [-0.503741747777353, 0.3139928737376363, -0.8047687411848192, -0.01252513896420176], [-0.5738615585526885, 0.5747044734984437, 0.5834360974060107, 0.01934115143951381], [0.0, 0.0, 0.0, 1.0]]}}, "visual": {"axis_aligned": {"extent": [0.47381860828858535, 0.4455383325323332, 0.5172861328099998], "transform": [[1.0, 0.0, 0.0, 0.01809381522633835], [0.0, 1.0, 0.0, -0.011242576249293368], [0.0, 0.0, 1.0, -0.027356079535992395], [0.0, 0.0, 0.0, 1.0]]}, "oriented": {"extent": [0.4004540923581067, 0.42985584544622624, 0.4306066642078613], "transform": [[0.6056580534301236, 0.11129174277201767, 0.787903845850495, -0.011314572890826255], [-0.5237712309418853, 0.8011740562184261, 0.2894543647626283, -0.015178612081439665], [-0.5990342393827387, -0.5879917343239456, 0.5435289324533356, 0.016023914704362104], [0.0, 0.0, 0.0, 1.0]]}}}}}