{"meta_links": {"base_link": {}}, "link_tags": {"base_link": []}, "object_parts": [], "base_link_offset": [-6.945824947779187e-05, 0.000386391250626336, -0.015001335926969478], "bbox_size": [0.08293304389865952, 0.13898999892925623, 0.1908927383400001], "orientations": [], "link_bounding_boxes": {"base_link": {"collision": {"axis_aligned": {"extent": [0.08302821086267453, 0.1391501369596959, 0.19089075546000006], "transform": [[1.0, 0.0, 0.0, -6.944316319312804e-05], [0.0, 1.0, 0.0, 0.0004163644370525077], [0.0, 0.0, 1.0, -0.01500034448696947], [0.0, 0.0, 0.0, 1.0]]}, "oriented": {"extent": [0.08288065585344254, 0.13915110321522495, 0.19106511928945683], "transform": [[0.9999949284292113, 0.0013212299496363942, 0.002897838380072244, -0.0003302544968524912], [-0.0013213996108285702, 0.999999125347465, 5.6633675212033256e-05, 0.0003753250733851411], [-0.0028977610193627107, -6.046259049801195e-05, 0.9999957996538535, -0.015016340074568613], [0.0, 0.0, 0.0, 1.0]]}}, "visual": {"axis_aligned": {"extent": [0.08293304389865952, 0.13898999892925623, 0.1908927383400001], "transform": [[1.0, 0.0, 0.0, -6.9458249477794e-05], [0.0, 1.0, 0.0, 0.00038639125062633894], [0.0, 0.0, 1.0, -0.015001335926969471], [0.0, 0.0, 0.0, 1.0]]}, "oriented": {"extent": [0.08280236547100796, 0.13899698554323742, 0.1908927383400001], "transform": [[0.9999993133480157, -0.001171880325403831, 0.0, -6.936674298188393e-05], [-0.001171880325403831, -0.9999993133480157, -0.0, 0.00035708043673651616], [-0.0, -0.0, -1.0, -0.015001335926969464], [0.0, 0.0, 0.0, 1.0]]}}}}}