{"meta_links": {"base_link": {}}, "link_tags": {"base_link": []}, "object_parts": [], "base_link_offset": [-0.017980679365454656, 0.013966452727320002, 0.022073829595381515], "bbox_size": [0.269192101750213, 0.26580681844665843, 0.3801362369178847], "orientations": [], "link_bounding_boxes": {"base_link": {"collision": {"axis_aligned": {"extent": [0.27170200502817377, 0.26795998583263003, 0.3823497224559467], "transform": [[1.0, 0.0, 0.0, -0.017901533373406497], [0.0, 1.0, 0.0, 0.013436096381584495], [0.0, 0.0, 1.0, 0.021933471656678583], [0.0, 0.0, 0.0, 1.0]]}, "oriented": {"extent": [0.1680399901325193, 0.246675212059806, 0.36004158867901953], "transform": [[0.5918258258448226, -0.7425353126647153, -0.3136614437717955, 0.0009216005102652523], [0.8060139967736436, 0.5407309661403743, 0.24073109325941683, 1.839666627332428e-05], [-0.009144882069792174, -0.39528639200307775, 0.9185124057023499, 0.0357692053750009], [0.0, 0.0, 0.0, 1.0]]}}, "visual": {"axis_aligned": {"extent": [0.269192101750213, 0.26580681844665843, 0.3801362369178847], "transform": [[1.0, 0.0, 0.0, -0.017980679365454666], [0.0, 1.0, 0.0, 0.01396645272732], [0.0, 0.0, 1.0, 0.02207382959538151], [0.0, 0.0, 0.0, 1.0]]}, "oriented": {"extent": [0.16688951567790566, 0.2446022222008998, 0.3534383770466678], "transform": [[-0.6077713187106438, -0.7614793208111944, 0.22530705299578782, -0.0010476611911312184], [-0.7871928654404539, 0.5403457833707738, -0.2972437164904792, 0.00155157143934454], [0.10460122729859588, -0.3580163102015697, -0.927837757842006, 0.02953837591890889], [0.0, 0.0, 0.0, 1.0]]}}}}}