{"meta_links": {"base_link": {"fillable": {"0": [{"position": [-1.4764999622940422e-07, 1.4942969570053144e-07, -0.06418207603222498], "orientation": [0.0, 0.0, 0.0, 1.0], "type": "cylinder", "size": [0.0985735309315096, 0.0985735309315096, 0.14845616544532095]}]}}}, "link_tags": {"base_link": []}, "object_parts": [], "base_link_offset": [-1.4764562150620383e-07, -3.367577306010723e-08, 0.013760413592013297], "bbox_size": [0.24678076172000019, 0.3, 0.18149836731], "orientations": [], "link_bounding_boxes": {"base_link": {"collision": {"axis_aligned": {"extent": [0.24921053946000038, 0.30264182556, 0.18418103064], "transform": [[1.0, 0.0, 0.0, -1.256210691025217e-10], [0.0, 1.0, 0.0, -5.018945773038741e-06], [0.0, 0.0, 1.0, 0.013447810567013302], [0.0, 0.0, 0.0, 1.0]]}, "oriented": {"extent": [0.18418086631048602, 0.24909441453951237, 0.24909501775959048], "transform": [[-1.3695677246184145e-07, 0.7290878526049108, 0.6844201218432587, -4.709390954043044e-07], [-7.693655459914675e-05, 0.6844201198099616, -0.7290878504543088, -5.309898984257477e-06], [-0.9999999970403739, -5.2756779591787916e-05, 5.599977140889526e-05, 0.013448474758111152], [0.0, 0.0, 0.0, 1.0]]}}, "visual": {"axis_aligned": {"extent": [0.24678076172000019, 0.3, 0.18149836731], "transform": [[1.0, 0.0, 0.0, -1.47645621506598e-07], [0.0, 1.0, 0.0, -3.367577305901648e-08], [0.0, 0.0, 1.0, 0.013760413592013299], [0.0, 0.0, 0.0, 1.0]]}, "oriented": {"extent": [0.18150491624660708, 0.24666132774986316, 0.24666132792761086], "transform": [[1.6532445632962416e-05, -0.6847827069563698, 0.7287473114737268, 1.4652913989929857e-06], [3.991371983941974e-05, 0.728747311444701, 0.6847827060236078, 3.5694886451203393e-06], [-0.9999999990667865, 1.77658831661645e-05, 3.938020042296306e-05, 0.013762392559352667], [0.0, 0.0, 0.0, 1.0]]}}}}}